,address,price,zipcode,lat,lng
0,270 Madison Avenue,,10016,40.7511837,-73.9806977
1,41 E 11th St,172.8,10003,40.7331115,-73.9930959
2,17 State St,,10004,40.7029001,-74.0139842543321
3,145 E 57th St,,10022,40.760953,-73.9684462812996
4,14 Wall St,,10005,40.70763365,-74.0107570034372
5,275 Seventh Avenue,,10011,42.7948248,-73.9554193
6,One World Trade Center,,10007,40.7130047,-74.0131864534352
7,54 Thompson St,,10012,40.7238733,-74.003353
8,590 Madison Avenue,,10022,40.76215745,-73.9730331430771
9,1185 Avenue of the Americas,,10036,40.7576227,-73.9823951
10,1155 Avenue of the Americas,,10036,40.75669735,-73.9832746913609
11,485 Lexington Avenue,,10017,40.75409625,-73.9736301440287
12,114 W 47th St,,10036,40.7581783,-73.9829836154512
13,71 W 47th St,48.0,10036,40.7578839,-73.9812222
14,133 E 58th St,75.0,10022,40.6519034,-73.9225153
15,30 E 60th St,70.0,10022,40.76367615,-73.970325863131
16,385 Fifth Avenue,55.0,10016,42.7976632,-73.9527343
17,47 W 27th St,,10001,40.7451607,-73.9901008
18,1156 Avenue of the Americas,,10036,40.7565749,-73.9825988
19,4 Times Sq,,10036,40.75604035,-73.9857229817594
20,110 W 40th St,75.0,10018,40.75370795,-73.9859648909137
21,150 Broadway,,10038,40.7092698,-74.0102677
22,45 W 45th St,,10036,40.75634505,-73.9811328511592
23,45 W 45th St,,10036,40.75634505,-73.9811328511592
24,225 E 64th St,,10065,40.7642016,-73.9626283
25,50 West St,95.0,10006,40.7077639,-74.0150151418802
26,777 Third Avenue,63.0,10017,42.8002283,-73.9523152
27,695 Avenue Of The Americas,,10010,40.7283051,-74.0028527
28,1441 Broadway,96.0,10018,40.7549036,-73.9868917
29,1115 Broadway,,10010,40.6940222,-73.9297378
30,90 Broad St,,10004,40.70379645,-74.011960789154
31,28 W 44th St,,10036,40.7553315,-73.9814989
32,10 E 38th St,49.0,10016,40.7709006,-73.9098041
33,1071 avenue of the americas,68.0,10036,40.7541303,-73.9850879277312
34,115 E 23rd St,58.0,10010,40.7400068,-73.9855301
35,45 W 27th St,,10001,40.7451365,-73.9900429
36,1345 Avenue of the Americas,,10105,40.7629997,-73.9790535048189
37,30 E 60th St,400.0,10022,40.76367615,-73.970325863131
38,37 W 47th St,49.0,10036,40.7432249,-73.9177213
39,120 E 56th St,65.0,10022,40.6256375,-73.9871378
40,199 Water St,62.0,10038,40.7065486,-74.0045351
41,78 Wooster St,68.4,10012,40.7269408,-73.9987932
42,90 Broad St,,10004,40.70379645,-74.011960789154
43,241 W 37th St,48.0,10018,40.753836,-73.990873914419
44,125 Park Avenue,,10017,40.7518176,-73.9773456
45,650 Fifth Avenue,90.0,10019,40.75974375,-73.9767801872465
46,233 Broadway,,10279,40.7124684,-74.0079294
47,410 Park Avenue,65.0,10022,40.7602791,-73.9722515419583
48,3 Columbus Cir,,10019,40.7668741,-73.9822587289973
49,30 E 60th St,,10022,40.76367615,-73.970325863131
50,3 Columbus Cir,,10019,40.7668741,-73.9822587289973
51,1115 Broadway,66.0,10010,40.6940222,-73.9297378
52,461 Fifth Avenue,,10017,40.75227165,-73.9813705091146
53,120 Broadway,,10271,40.7082035,-74.0105065267737
54,120 Broadway,,10271,40.7082035,-74.0105065267737
55,250 Hudson St,120.0,10013,40.724854,-74.0075481
56,255 Greenwich St,60.0,10007,40.7145279,-74.0112651
57,315 Hudson St,175.0,10013,40.7263874,-74.0076352
58,125 Orchard St,144.0,10002,40.7195486,-73.9896197
59,295 Madison Avenue,,10017,40.7517813,-73.9793366110454
60,75 Broad St,,10004,40.7047334,-74.0114054
61,680 Madison Avenue,,10065,40.7652144,-73.9704118
62,521 Fifth Avenue,65.0,10175,42.7976632,-73.9527343
63,810 Seventh Avenue,70.0,10019,40.76287095,-73.9825242131819
64,100 Park Avenue,,10017,40.75133845,-73.979000471903
65,155 W 23rd St,75.0,10011,40.7438607,-73.9946707
66,155 W 23rd St,,10011,40.7438607,-73.9946707
67,1214 Broadway,455.69,10001,40.7465181,-73.9880769
68,220 E 42nd St,,10017,40.7501297,-73.9733465
69,30 Broad St,144.0,10004,40.7062033,-74.011905
70,712 Broadway,185.0,10003,40.72876485,-73.9935371301077
71,55 W 46th St,,10036,40.7570109,-73.9809219
72,104 Greene St,,10012,40.73035,-73.994822
73,19 W 44th St,,10036,40.7553003,-73.9808892
74,800 Third Avenue,,10022,42.8002283,-73.9523152
75,685 Washington St,27.55,10014,41.025301,-73.9324009
76,264 W 40th St,,10018,40.75557605,-73.9903488369267
77,575 Fifth Avenue,95.0,10017,40.7563975,-73.9783665866995
78,192 E 2nd St,68.57,10009,40.616541,-73.973358
79,437 Madison Avenue,,10022,40.7573564,-73.9753769591062
80,777 Third Avenue,71.0,10017,42.8002283,-73.9523152
81,30 E 60th St,80.0,10022,40.76367615,-73.970325863131
82,75 Broad St,,10004,40.7047334,-74.0114054
83,632 Broadway,,10012,40.7261658,-73.995975
84,860 Washington St,,10014,40.74124895,-74.0076192292948
85,120 Broadway,,10271,40.7082035,-74.0105065267737
86,120 Broadway,,10271,40.7082035,-74.0105065267737
87,1350 Sixth Avenue,,10019,42.7965419,-73.9519965
88,24 State Street,56.0,10004,40.7033851,-74.0141188
89,675 Third Avenue,,10017,42.8002283,-73.9523152
90,420 Lexington Avenue,,10170,40.6882048,-73.9443976303818
91,55 Broad St,52.0,10004,40.7052834,-74.0110278640401
92,315 Madison Avenue,65.0,10017,40.79789665,-73.2533010005852
93,485 Madison Avenue,300.0,10022,40.75880805,-73.9744705952298
94,90 Broad St,,10004,40.70379645,-74.011960789154
95,415 Madison Avenue,55.0,10017,40.7566498,-73.9762469
96,733 Third Avenue,,10017,42.8002283,-73.9523152
97,286 Madison Avenue,,10017,40.7516877,-73.9803474
98,501 Fifth Avenue,65.0,10017,42.7976632,-73.9527343
99,560 Lexington Avenue,75.0,10022,40.6889672,-73.9377551546029
100,1 Whitehall St,55.0,10004,40.7038284,-74.0127779321612
101,215 Park Avenue S,,10003,40.7369182,-73.9885248
102,274 Madison Avenue,58.0,10016,40.7513152,-73.9806127417628
103,110 E 42nd St,65.0,10017,40.7531873,-73.9214903
104,880 Third Avenue,65.0,10022,40.75801845,-73.9695730545953
105,25 W 45th St,,10036,40.7560383,-73.980752
106,305 E 47th St,,10017,40.7527506,-73.969032
107,151 E 80th St,205.63,10075,40.7756319,-73.9581229
108,1120 Avenue of the Americas,,10036,40.7555256,-73.9833268
109,54 W 47th St,65.0,10036,40.7574905,-73.9808606
110,587 Fifth Avenue,,10017,42.7976632,-73.9527343
111,102 Bayard St,85.0,10013,40.7161999,-73.99969235
112,1380 First Avenue,127.5,10021,42.8021386,-73.9528461
113,137 Hudson St,79.8,10013,42.8336957,-73.9204316
114,342 W 37th St,51.69,10018,40.7572021,-73.9994854
115,647 Broadway,160.0,10012,40.72686305,-73.99588005
116,168 Canal St,,10013,40.7164748,-73.9972919
117,134 Nagle Avenue,73.0,10040,40.8634177,-73.9199903
118,36 W 44th St,62.0,10036,40.7554622,-73.9818081
119,38 W 21st St,,10010,40.74093555,-73.9926516486577
120,37 Union Sq W,383.72,10003,40.7370032,-73.9908463907585
121,325 W 38th St,49.71,10018,40.755447,-73.992683025
122,555 W 25th St,80.41,10001,40.75009995,-74.0053478403279
123,22 W 32nd St,48.0,10001,40.7475612,-73.9869147
124,420 Broadway,,10013,40.7195018,-74.0016041
125,388 W Broadway,,10012,40.7240248,-74.0026812047103
126,920 Third Avenue,225.0,10022,42.8002283,-73.9523152
127,121 Varick St,50.0,10013,40.7247568,-74.0061245
128,1361 Amsterdam Avenue,45.0,10027,40.8142146,-73.9554256
129,75 Murray St,,10007,40.71481965,-74.0105457018206
130,252 W 38th St,47.31,10018,40.75405575,-73.99066135
131,16 Beaver St,38.4,10004,40.7049052,-74.0125313
132,225 E 31st St,116.1,10016,40.6450702,-73.9478245
133,309 E 94th St,65.0,10128,40.65886515,-73.9213668
134,485 Broadway,500.0,10013,40.6293121,-74.1158661645022
135,22 E 65th St,100.8,10065,40.6089818,-73.9732546
136,115 E 57th St,206.0,10022,40.65322,-73.9234745475265
137,1515 Broadway,,10036,40.758063,-73.9862053
138,1133 Avenue of the Americas,,10036,40.7557394,-73.9837251
139,41 Madison Avenue,82.0,10010,40.7424976,-73.9863663
140,535 Fifth Avenue,67.0,10017,42.7976632,-73.9527343
141,641 Lexington Avenue,65.0,10022,40.758877,-73.9696440951276
142,530 Seventh Avenue,,10018,42.7948248,-73.9554193
143,369 Lexington Avenue,59.0,10017,40.7503856,-73.9766427
144,315 Madison Avenue,112.0,10017,40.79789665,-73.2533010005852
145,1001 Avenue of the Americas,57.0,10018,40.751959,-73.9864256
146,1385 Broadway,,10018,40.7527462,-73.9875574
147,22 E 48th St,,10017,40.638853,-73.996942
148,555 Eighth Avenue,,10018,43.216233,-74.1823014
149,555 Eighth Avenue,,10018,43.216233,-74.1823014
150,14 Penn Plaza,,10122,40.8931283,-73.8205375
151,355 Lexington Avenue,59.0,10017,40.75015225,-73.976476608642
152,42 Broadway,40.0,10004,40.7104261,-73.9674041743167
153,445 Park Avenue,,10022,40.76112555,-73.9706269337671
154,463 Seventh Avenue,350.0,10018,42.7948248,-73.9554193
155,350 Seventh Avenue,55.0,10001,42.7948248,-73.9554193
156,711 Third Avenue,,10017,40.75217365,-73.972892118645
157,915 Broadway,,10010,40.7397055,-73.9897743
158,425 Madison Avenue,59.5,10017,40.7569369,-73.9760656
159,6 E 45th St,59.5,10017,40.75491155,-73.97891095
160,71 W 23rd St,,10010,40.7428699,-73.992333
161,40 Rector St,,10006,40.7086394,-74.0146847228468
162,693 Fifth Avenue,,10022,42.7976632,-73.9527343
163,125 Maiden Ln,46.0,10038,40.7064714,-74.006214
164,29 W 38th St,,10018,40.751711,-73.9842779
165,353 Lexington Avenue,,10016,40.7499137,-73.9769893
166,39 W 32nd St,46.0,10001,40.74816585,-73.9873042191344
167,185 Madison Avenue,70.8,10016,40.7478807,-73.9826884
168,20 W 22nd St,,10010,40.7412598,-73.9911856
169,230 W 39th St,50.0,10018,40.7544496,-73.98967955
170,2 W 46th St,59.0,10036,40.640694,-73.996974
171,330 W 38th St,44.0,10018,40.75524955,-73.9934999972172
172,215 W 40th St,52.0,10018,40.75530555,-73.9886147681443
173,255 W 36th St,49.0,10018,40.7532739,-73.9914684
174,720 Fifth Avenue,,10019,42.7976632,-73.9527343
175,16 E 40th St,50.0,10016,40.7522699,-73.9817689
176,545 Fifth Avenue,59.0,10017,42.7976632,-73.9527343
177,21 W 36th St,39.0,10018,40.7558731,-73.9982091
178,249 W 39th St,49.0,10018,40.7564961,-73.9939243
179,317 E 34th St,99.84,10016,40.7445792,-73.9750309
180,44 W 18th St,208.33,10011,40.8353502,-73.4149787748811
181,8 W 38th St,72.41,10018,40.641185,-73.985709
182,9 E 37th St,53.0,10016,40.750153,-73.9822073614139
183,131 Varick St,72.48,10013,40.7253637,-74.0060408
184,3 W 35th St,600.0,10001,40.641536,-73.981758
185,417 Fifth Avenue,58.0,10016,42.7976632,-73.9527343
186,118 E 28th St,48.0,10016,40.6462888,-73.9512321
187,150 Varick St,75.0,10013,40.726194,-74.0055209
188,43 W 26th St,72.35,10010,40.7445442,-73.9905629
189,380 Second Avenue,,10010,42.8020272,-73.9503835
190,5 E 59th St,,10022,40.6199667,-73.9822866
191,641 Avenue of the Americas,,10011,40.740998,-73.9944619
192,144 E 44th St,135.0,10017,40.7523481,-73.9744712
193,601 Madison Avenue,,10022,40.76251985,-73.9718170373384
194,215 E 58th St,55.0,10022,40.64991165,-73.92220945
195,556 Broadway,55.0,10012,40.7237948,-73.9979734
196,6 E 46th St,44.0,10017,40.640694,-73.996974
197,140 W 30th St,45.0,10001,40.7479328,-73.9916875318342
198,375 W Broadway,,10012,40.7235788,-74.0025799
199,3 W 30th St,108.0,10001,40.656495,-73.998982
200,605 Madison Avenue,1000.0,10022,40.76261055,-73.9717184132233
201,530 W 25th St,51.0,10001,40.74935685,-74.00473445
202,152 W 36th St,45.43,10018,40.75181945,-73.9891146869067
203,1281 Second Avenue,,10065,42.8020272,-73.9503835
204,119 W 23rd St,46.0,10011,40.7433613,-73.9935004
205,112 W 27th St,90.0,10001,40.7456691,-73.9918014
206,465 Park Avenue,,10022,40.6966897,-73.9583169
207,434 Broadway,,10013,40.7199913,-74.0012084
208,16 E 79th St,120.0,10075,40.77630245,-73.9627611921584
209,46 Warren St,,10007,40.71475835,-74.00873725
210,58 Gansevoort St,550.0,10014,40.73917935,-74.007122
211,460 W 35th St,,10001,40.7548402,-73.9982885933424
212,8 E 41st St,60.0,10017,40.752329,-73.9809040131968
213,341 E 79th St,,10075,40.772604,-73.9529044
214,134 Spring St,76.83,10012,40.7239419,-74.0008746
215,515 W 20th St,45.0,10011,40.74634745,-74.0062765109152
216,68 Gansevoort St,550.0,10014,40.739194,-74.0075985853485
217,134 5th Avenue,312.0,10011,40.7388685,-73.9917608
218,434 W Broadway,,10012,40.944365,-73.077013
219,47 W 14th St,120.0,10011,40.7370966,-73.9958171
220,319 Bowery,,10003,40.725317,-73.9918386142289
221,64 W 38th St,39.0,10018,40.7519533,-73.9853342
222,550 Fifth Avenue,,10036,42.7976632,-73.9527343
223,118 W 14th St,114.42,10011,40.7644882,-73.934805
224,262 W 38th St,41.22,10018,40.7542467,-73.9910729451729
225,75 W Houston St,,10012,40.7283367,-74.0026826
226,136 E 57th St,67.5,10022,40.65278265,-73.9239640201402
227,70 W 40th St,58.0,10018,40.7532402,-73.9845838
228,10 W 33rd St,75.0,10001,40.7611562,-73.9238385
229,232 W 40th St,,10018,40.7551069,-73.9889744
230,375 Greenwich St,,10013,40.7196109,-74.0100722
231,147 W 35th St,46.5,10001,40.7514391,-73.9890354
232,1978 Third Avenue,,10029,42.8002283,-73.9523152
233,234 W 39th St,53.0,10018,40.7546433,-73.9898003
234,36 W 44th St,56.0,10036,40.7554622,-73.9818081
235,418 E 71st St,85.0,10021,40.7666011,-73.9555341
236,295 Greenwich St,,10007,40.7156737,-74.0109601
237,549 Third Avenue,,10016,42.8002283,-73.9523152
238,207 E 94th St,,10128,40.6608096,-73.9235389769943
239,107 Grand St,325.0,10013,40.7210943,-74.0012946
240,88 Greenwich St,100.0,10006,40.70791245,-74.014073364447
241,229 Mott St,120.0,10012,40.72255345,-73.9952848
242,111 Central Park N,,10026,40.7986055,-73.9527915
243,1955 Adam Clayton Powell Jr Blvd,57.0,10026,40.8043333,-73.9513777
244,One World Trade Center,80.0,10007,40.7130047,-74.0131864534352
245,122 Hudson St,,10013,40.7200319,-74.0084088
246,15 Gansevoort St,,10014,40.739405,-74.006449
247,161 W 4th St,134.29,10014,40.7320669,-74.001230897561
248,320 E 59th St,,10022,40.64615625,-73.9213807
249,301 E 108th St,,10029,40.791882,-73.9411284
250,126 Christopher St,,10014,40.7330509,-74.0059596
251,1131 Madison Avenue,250.0,10028,42.6488502,-73.7613073
252,170 W 23rd St,,10011,40.7439105,-73.9954321
253,230 E 14th St,240.0,10003,40.732621,-73.9860044
254,888 7th Avenue,385.0,10106,42.7091268,-73.7130913
255,353 E 58th St,45.23,10022,40.6463422,-73.9218165561842
256,79 Greene St,,10012,40.7236318,-74.0007959263124
257,2547 Broadway,170.69,10025,40.7943168,-73.9724172
258,160 W 97th St,,10025,40.7941727,-73.9690253
259,448 W 14th St,,10014,40.741628,-74.00697
260,267 Canal St,52.0,10013,40.7189902,-74.0010477
261,234 Elizabeth St,252.27,10012,42.64067,-73.761436
262,199 Lafayette St,300.0,10012,42.738471,-73.693705
263,2178 Amsterdam Avenue,,10032,40.83988245,-73.9373025583333
264,284 Audubon Avenue,30.0,10033,40.8477955,-73.9334069889189
265,3361 Broadway,91.76,10031,40.9063382,-73.89651
266,560 W 144th St,50.4,10031,40.82529465,-73.9502199554799
267,349 Avenue of the Americas,165.0,10014,40.7283051,-74.0028527
268,7 E 75th St,,10021,40.75699,-73.892261
269,516 W 181st St,35.0,10033,40.8484623,-73.9320282
270,448 Amsterdam Avenue,188.57,10024,40.78492565,-73.9773741302632
271,2500 Adam Clayton Powell Jr Blvd,60.0,10039,40.8219129,-73.9392102
272,3826 Broadway,111.43,10032,40.9063382,-73.89651
273,4101 Broadway,90.0,10033,40.8449126,-73.9390061
274,83 Lexington Avenue,,10016,40.62930185,-74.1340837
275,638 W 174th St,90.0,10033,40.845434,-73.9390384
276,1027 Lexington Avenue,255.32,10021,40.7713969,-73.9613208
277,60 Riverside Blvd,80.0,10069,40.77457865,-73.9909347811497
278,330 Spring St,125.0,10013,40.7258137,-74.0096825725655
279,390 Second Avenue,,10010,42.8020272,-73.9503835
280,12 W 19th St,,10011,40.661139,-73.990052
281,7 W 19th St,,10011,40.73957,-73.9919797846184
282,23 E 107th St,70.0,10029,40.6470657,-73.891749
283,2218 Broadway,,10024,40.7835695,-73.9798569
284,178 W Houston St,110.77,10014,40.7288293,-74.0030834240418
285,104 Wooster St,,10012,40.7269408,-73.9987932
286,555 Columbus Avenue,,10024,40.7869642,-73.971549
287,3815 Broadway,,10032,40.9063382,-73.89651
288,709 Lexington Avenue,429.53,10022,40.7611212,-73.9687022380485
289,554 W 174th St,30.0,10033,40.8442367,-73.9363616440644
290,528 W 162nd St,30.0,10032,40.83643905,-73.9413841529415
291,169 Bowery,110.4,10002,40.71987285,-73.9938166612333
292,506 Ninth Avenue,,10018,42.7930413,-73.9499055
293,271 Fifth Avenue,,10016,42.7976632,-73.9527343
294,508 E 12th St,150.0,10009,40.7287308,-73.9807695
295,152 Ninth Avenue,,10011,42.7930413,-73.9499055
296,2304 Amsterdam Avenue,62.4,10033,40.84393155,-73.9342637161542
297,66 St James Pl,65.0,10038,40.6878296,-73.9649478868217
298,250 Canal St,,10013,40.7181633,-74.0004462
299,780 Madison Avenue,720.0,10065,40.76831905,-73.9682207494469
300,393 W End Avenue,,10024,40.7842778,-73.9814338
301,315 E 94th St,80.0,10128,40.6587518,-73.9212386238717
302,279 E Tenth St,149.85,10009,42.6591939,-73.7226775
303,20 Clinton St,102.86,10002,40.72062005,-73.9839755881582
304,102 Forsyth St,200.0,10002,40.71832615,-73.9926049303908
305,60 W 57th St,250.0,10019,40.7640477,-73.9769938
306,371 Broadway,,10013,40.7177788,-74.0034545
307,2172 Third Avenue,66.49,10035,42.8002283,-73.9523152
308,260 E 68th St,85.0,10065,40.6198902,-73.9113638
309,260 E 68th St,200.0,10065,40.6198902,-73.9113638
310,450 Sixth Avenue,,10011,42.7965419,-73.9519965
311,2023 Third Avenue,65.0,10029,42.8002283,-73.9523152
312,207 E 110th St,45.0,10029,40.79404585,-73.9421536635365
313,159 W 118th St,,10026,40.804503,-73.9511031
314,205 E 72nd St,100.0,10021,40.62621,-73.914123
315,473 W Broadway,52.8,10012,40.7265509,-73.9999356673857
316,392 Bleecker St,385.71,10014,40.7355263,-74.0051635848513
317,536 W 145th St,70.0,10031,40.8204537,-73.9362503
318,430 E 75th St,125.0,10021,40.7717042,-73.9591761
319,159 E 116th St,,10029,40.79868885,-73.9408901973804
320,508 W 24th St,,10011,40.748453,-74.0045936060288
321,2011 Third Avenue,30.0,10029,42.8002283,-73.9523152
322,2 Wooster St,,10013,40.721012,-74.0036839
323,120 Spring St,588.0,10012,40.72354805,-74.0001685827094
324,177 E 117th St,82.29,10035,40.7990613,-73.94014815
325,176 Delancey St,,10002,40.7178858,-73.9849717826001
326,258 W 109th St,205.26,10025,40.8023687,-73.9642901
327,600 W 58th St,,10019,40.7710431,-73.9916485808925
328,2340 Fifth Avenue,49.0,10037,42.7976632,-73.9527343
329,251 E 77th St,80.0,10075,40.7724123,-73.9563114009196
330,617 W 46th St,87.5,10036,40.7576896,-73.9829647
331,2234 Broadway,,10024,40.78416295,-73.9792232060969
332,353 W 48th St,,10036,40.7620203,-73.9888649655882
333,875 Avenue of the Americas,160.0,10001,40.7481994,-73.9892038
334,1745 Broadway,,10019,40.76523375,-73.9825327283665
335,845 Third Avenue,,10022,42.8002283,-73.9523152
336,200 E 62nd St,120.0,10065,40.76296195,-73.9650441397956
337,387 Park Avenue S,,10016,40.7428261,-73.9842213
338,350 Seventh Avenue,55.0,10001,42.7948248,-73.9554193
339,260 Madison Avenue,,10016,40.750754,-73.9812427399341
340,57 W 57th St,,10019,40.7644047,-73.9768632
341,625 W 57th St,,10019,40.77149655,-73.9935931904719
342,50 Gansevoort St,550.0,10014,40.739405,-74.006449
343,74 Gansevoort St,650.0,10014,40.739279,-74.0077958
344,29 E 104th St,84.0,10029,40.7925668,-73.95085
345,304 W 49th St,,10019,40.76177985,-73.9872999630025
346,340 Madison Avenue,,10173,40.7539442,-73.9789783253803
347,1 Rockefeller Plaza,,10020,40.758643,-73.978443
348,104 W 40th St,,10018,40.7535612,-73.9858179
349,299 Park Avenue,,10171,40.7560254,-73.9741826123375
350,134 W 23rd St,170.0,10011,40.7432087,-73.99424265
351,146 W 47th St,111.43,10036,40.75857645,-73.9836675895232
352,369 Lexington Avenue,144.0,10017,40.7503856,-73.9766427
353,48 W 37th St,45.0,10018,40.7512307,-73.9855436
354,535 Fifth Avenue,,10017,42.7976632,-73.9527343
355,1177 Avenue of the Americas,,10036,40.7573123,-73.982758224517
356,405 Lexington Avenue,,10174,40.6884345,-73.9456977
357,80 Broad St,,10004,40.7042282,-74.0117135
358,161 Madison Avenue,13.33,10016,40.74672935,-73.9833599964087
359,132 W 31st St,,10001,40.7483789,-73.9906177
360,229 W 14th St,,10011,40.7393142,-74.0008323073052
361,575 Madison Avenue,,10022,40.7617911,-73.9724122408202
362,415 Madison Avenue,,10017,40.7566498,-73.9762469
363,176 Fifth Avenue,,10010,42.7976632,-73.9527343
364,188 Lafayette St,,10013,40.7209136,-73.9985174
365,590 Madison Avenue,,10022,40.76215745,-73.9730331430771
366,605 W 129th St,,10027,40.8114793,-73.9464014
367,332 W 13th St,,10014,40.7466292,-73.336277977055
368,11 W 141st St,25.0,10037,40.686934,-73.8047
369,2014 3rd Avenue,36.92,10029,40.79463895,-73.9427445
370,411 Lafayette St,,10003,42.738471,-73.693705
371,477 Madison Avenue,,10022,40.7585227,-73.9746316578154
372,140 Broadway,,10005,40.70863695,-74.0100342566843
373,60 E 42nd St,,10165,40.75210775,-73.9787461815746
374,1250 Broadway,,10001,40.74766595,-73.9878545141565
375,99 Hudson St,,10013,40.719086,-74.0089165
376,454 Broadway,312.0,10013,40.7204639,-74.000626
377,126 E 7th St,106.67,10009,40.726154,-73.9841866399535
378,1 Liberty Plz,,10006,40.89143015,-73.0352802247849
379,517 E 116th St,,10029,40.794916,-73.9315593651521
380,555 Madison Avenue,,10022,40.76114845,-73.9727174176345
381,39 E 28th St,48.0,10016,40.7436805,-73.9846525
382,100 Church St,,10007,40.71328865,-74.0101247934377
383,1501 Broadway,,10036,40.7572684,-73.9866623406083
384,635 Madison Avenue,,10022,40.763629,-73.9711453
385,41 Madison Avenue,,10010,40.7424976,-73.9863663
386,200 Vesey St,,10285,40.71355765,-74.014866050555
387,242 W 30th St,,10001,40.7492067,-73.9944374
388,780 Third Avenue,108.0,10017,40.75500425,-73.9718261567363
389,445 Park Avenue,,10022,40.76112555,-73.9706269337671
390,353 W 57th St,,10019,40.7677565,-73.9849272
391,136 Madison Avenue,,10016,40.746173,-73.9843135
392,90 Park Avenue,,10016,40.7507393,-73.9794360279293
393,600 Third Avenue,,10016,40.74932325,-73.9758905017125
394,245 Park Avenue,,10167,40.7546124,-73.9746718955844
395,750 Third Avenue,,10017,40.75384885,-73.972715175833
396,1325 Avenue of the Americas,,10019,40.7629162,-73.9808026900641
397,77 Water St,,10005,40.70420045,-74.0082380721439
398,295 Madison Avenue,,10017,40.7517813,-73.9793366110454
399,1370 Broadway,186.0,10018,40.7518579,-73.9873685
400,173 Chrystie St,,10002,40.72091475,-73.9926437951228
401,635 Madison Avenue,,10022,40.763629,-73.9711453
402,241 W 30th St,43.5,10001,40.749275,-73.9938084482809
403,2351 Adam Clayton Powell Jr Blvd,55.0,10030,40.8013253,-73.9540275
404,675 Third Avenue,,10017,42.8002283,-73.9523152
405,392 Broadway,45.41,10013,40.7183485,-74.0025892
406,25 W 45th St,,10036,40.7560383,-73.980752
407,1277 Third Avenue,186.67,10021,42.8002283,-73.9523152
408,200 Central Park S,,10019,40.766662,-73.9797885484328
409,133 W 52nd St,175.0,10019,40.7635282,-73.9852016
410,333 E 116th St,42.0,10029,40.79663795,-73.9363570645626
411,462 W Broadway,,10012,40.944365,-73.077013
412,17 Crosby St,,10013,40.7226691,-73.9979746
413,821 Ninth Avenue,,10019,42.7930413,-73.9499055
414,2574 Adam Clayton Powell Jr Blvd,45.41,10039,40.8241846,-73.9375406
415,133 W 18th St,,10011,40.75294175,-73.3429768079764
416,8 W 40th St,65.0,10018,40.7418026,-73.9246619
417,115 E 57th St,,10022,40.65322,-73.9234745475265
418,148 W 36th St,,10018,40.7518101,-73.9888226
419,386 Broome St,231.43,10013,40.7243133,-74.004957
420,1065 Madison Avenue,,10028,40.77729595,-73.9610727675669
421,1110 Lexington Avenue,,10075,42.660892,-73.765963
422,20 W 22nd St,,10010,40.7412598,-73.9911856
423,2049 Broadway,,10023,40.7778959,-73.9825105
424,123 W 138th St,1.24,10030,40.8160584,-73.9395348
425,1006 First Avenue,,10022,42.8021386,-73.9528461
426,130 Delancey St,150.0,10002,40.7185647,-73.9874345
427,118 Nagle Avenue,74.28,10040,40.8634177,-73.9199903
428,2459 Broadway,213.27,10024,40.7914498,-73.9744665
429,595 Madison Avenue,,10022,40.762442,-73.9720675
430,2699 Broadway,,10025,40.7991155,-73.9689095
431,21 W End Avenue,,10023,40.7727647,-73.990312757004
432,184 Fifth Avenue,,10010,42.7976632,-73.9527343
433,500 W 175th St,84.83,10033,40.8443019,-73.9342776
434,714 W 181st St,141.45,10033,40.85017605,-73.9365101010182
435,273 W 138th St,70.6,10030,40.8184151,-73.9448634
436,150 Allen St,99.74,10002,40.7205893,-73.9893469
437,381 Bleecker St,,10014,40.7351683,-74.0046938967679
438,340 E 11th St,120.0,10003,40.72942145,-73.9846427056948
439,540 Broadway,,10012,40.723331,-73.998366
440,998 Columbus Avenue,59.06,10025,40.8015956,-73.9613715
441,4290 Broadway,79.0,10033,40.8511451,-73.9350214
442,378 Sixth Avenue,290.95,10011,42.7965419,-73.9519965
443,2239 Broadway,70.48,10024,40.7845415,-73.9798416
444,1116 Second Avenue,90.0,10022,42.8020272,-73.9503835
445,3858 Broadway,110.0,10032,40.9063382,-73.89651
446,1143 1ST Avenue,144.0,10065,40.76196955,-73.9605921
447,160 E 56th St,55.0,10022,40.75961975,-73.9686913621
448,9 E 68th St,,10065,40.718181,-73.891996
449,1155 First Avenue,,10065,42.8021386,-73.9528461
450,301 Madison Avenue,58.0,10017,40.7521902,-73.9793574067523
451,10 W 56th St,,10019,40.7624609,-73.9754214524976
452,530 Seventh Avenue,,10018,42.7948248,-73.9554193
453,192 W 4th St,,10014,40.7533858,-73.3302502137213
454,61 Sullivan St,150.0,10012,40.7242042,-74.0040445188095
455,253 W 35th St,44.0,10001,40.75269525,-73.9919984535208
456,575 West End Avenue,73.6,10024,40.7900717,-73.9772147
457,344 E 59th St,109.28,10022,40.64558065,-73.9213242148362
458,1770 Madison Avenue,,10035,40.8002027,-73.9448766
459,543 Broadway,648.23,10012,40.7235217,-73.9985729
460,545 Broadway,49.0,10012,40.7235798,-73.9985236
461,2026 Broadway,,10023,40.9063382,-73.89651
462,141 Duane St,97.53,10013,40.7160026,-74.0071072
463,28 W 32nd St,45.52,10001,40.7475965,-73.9870764
464,396 E 10th St,,10009,40.7256941,-73.9773919
465,118 Christopher St,,10014,40.7330522,-74.0054614515873
466,200 E 62nd St,85.0,10065,40.76296195,-73.9650441397956
467,305 2nd Avenue,60.0,10003,40.7346198,-73.983503
468,817 Broadway,144.0,10003,40.7331313,-73.9912876
469,519 Broadway,63.0,10012,40.7227639,-73.9992129
470,124 W 30th St,,10001,40.7476469,-73.9907547
471,139 Charles St,55.81,10014,43.3175806,-73.6299786
472,7 World Trade Ctr,,10007,40.71340545,-74.0120739889802
473,40 Fulton St,25.0,10038,40.70787265,-74.0047346112056
474,111 Christopher St,192.0,10014,40.7333467,-74.0052278
475,137 W 19th St,67.0,10011,40.74125395,-73.9959711819435
476,146 W 29th St,45.0,10001,40.7474022,-73.9920775
477,437 W 125th St,75.0,10027,40.81248435,-73.9551253216588
